Country,Country Code,Year,Internet_Use_Share
Afghanistan,AFG,2015,8.26
Afghanistan,AFG,2016,11.0
Afghanistan,AFG,2017,13.5
Afghanistan,AFG,2018,16.8
Afghanistan,AFG,2019,17.6
Albania,ALB,2015,56.9
Albania,ALB,2016,59.6
Albania,ALB,2017,62.4
Albania,ALB,2018,65.4
Albania,ALB,2019,68.5504
Algeria,DZA,2015,38.2
Algeria,DZA,2016,42.9455
Algeria,DZA,2017,47.6911
Algeria,DZA,2018,49.0385
Algeria,DZA,2019,55.7907
Andorra,AND,2015,87.9
Andorra,AND,2016,89.7
Andorra,AND,2017,91.5675
Andorra,AND,2019,90.7187
Angola,AGO,2015,22.0
Angola,AGO,2016,23.2
Angola,AGO,2017,26.0
Angola,AGO,2018,29.0
Angola,AGO,2019,32.1294
Antigua and Barbuda,ATG,2015,70.0
Antigua and Barbuda,ATG,2016,70.9743
Antigua and Barbuda,ATG,2017,71.9621
Antigua and Barbuda,ATG,2018,72.9637
Antigua and Barbuda,ATG,2019,73.9792
Argentina,ARG,2015,68.0431
Argentina,ARG,2016,70.969
Argentina,ARG,2017,74.2949
Argentina,ARG,2018,77.7
Argentina,ARG,2019,79.947
Armenia,ARM,2015,59.1008
Armenia,ARM,2016,64.346
Armenia,ARM,2017,64.7449
Armenia,ARM,2018,68.2451
Armenia,ARM,2019,66.5439
Aruba,ABW,2015,88.6612
Aruba,ABW,2016,93.5425
Aruba,ABW,2017,97.17
Australia,AUS,2015,84.5605
Australia,AUS,2016,86.54
Australia,AUS,2017,86.545
Australia,AUS,2018,90.0
Australia,AUS,2019,93.6099
Austria,AUT,2015,83.9401
Austria,AUT,2016,84.3237
Austria,AUT,2017,87.9356
Austria,AUT,2018,87.4791
Austria,AUT,2019,87.7522
Azerbaijan,AZE,2015,77.0
Azerbaijan,AZE,2016,78.2
Azerbaijan,AZE,2017,79.0
Azerbaijan,AZE,2018,79.8
Azerbaijan,AZE,2019,81.1
Bahamas,BHS,2015,78.0
Bahamas,BHS,2016,80.0
Bahamas,BHS,2017,80.6
Bahamas,BHS,2018,83.0
Bahamas,BHS,2019,90.6933
Bahrain,BHR,2015,93.4783
Bahrain,BHR,2016,98.0
Bahrain,BHR,2017,95.8781
Bahrain,BHR,2018,98.6447
Bahrain,BHR,2019,99.7015
Bangladesh,BGD,2015,12.9
Bangladesh,BGD,2016,18.1
Bangladesh,BGD,2017,21.5
Bangladesh,BGD,2018,25.6
Bangladesh,BGD,2019,30.4
Barbados,BRB,2015,72.0
Barbados,BRB,2016,72.2
Barbados,BRB,2017,72.3
Barbados,BRB,2018,72.4
Barbados,BRB,2019,74.1791
Belarus,BLR,2015,62.2304
Belarus,BLR,2016,71.113
Belarus,BLR,2017,74.4364
Belarus,BLR,2018,79.1299
Belarus,BLR,2019,82.7892
Belgium,BEL,2015,85.0529
Belgium,BEL,2016,86.5165
Belgium,BEL,2017,87.6797
Belgium,BEL,2018,88.6473
Belgium,BEL,2019,90.2754
Belize,BLZ,2015,41.59
Belize,BLZ,2016,44.5757
Belize,BLZ,2017,48.8771
Belize,BLZ,2018,53.5936
Belize,BLZ,2019,58.7652
Benin,BEN,2015,11.255
Benin,BEN,2016,14.5
Benin,BEN,2017,18.7
Benin,BEN,2018,19.0
Benin,BEN,2019,20.5
Bermuda,BMU,2015,98.3236
Bermuda,BMU,2016,98.0
Bermuda,BMU,2017,98.37
Bhutan,BTN,2015,39.8
Bhutan,BTN,2016,46.5
Bhutan,BTN,2017,54.3
Bhutan,BTN,2018,63.5
Bhutan,BTN,2019,74.1794
Bolivia,BOL,2015,37.4868
Bolivia,BOL,2016,39.6975
Bolivia,BOL,2017,43.8323
Bolivia,BOL,2018,44.2861
Bolivia,BOL,2019,47.4748
Bosnia and Herzegovina,BIH,2015,52.6
Bosnia and Herzegovina,BIH,2016,60.2565
Bosnia and Herzegovina,BIH,2017,64.892
Bosnia and Herzegovina,BIH,2018,70.1201
Bosnia and Herzegovina,BIH,2019,69.9463
Botswana,BWA,2015,37.3121
Botswana,BWA,2016,42.2576
Botswana,BWA,2017,47.8587
Botswana,BWA,2018,54.2022
Botswana,BWA,2019,61.3865
Brazil,BRA,2015,58.328
Brazil,BRA,2016,60.8725
Brazil,BRA,2017,67.4713
Brazil,BRA,2018,70.4343
Brazil,BRA,2019,73.9124
British Virgin Islands,VGB,2016,77.7014
British Virgin Islands,VGB,2017,77.7043
Brunei,BRN,2015,71.2
Brunei,BRN,2016,90.0
Brunei,BRN,2017,94.8667
Brunei,BRN,2018,95.0
Brunei,BRN,2019,95.0
Bulgaria,BGR,2015,56.6563
Bulgaria,BGR,2016,59.8255
Bulgaria,BGR,2017,63.4101
Bulgaria,BGR,2018,64.782
Bulgaria,BGR,2019,67.947
Burkina Faso,BFA,2015,6.55
Burkina Faso,BFA,2016,7.14
Burkina Faso,BFA,2017,7.79
Burkina Faso,BFA,2018,8.5
Burkina Faso,BFA,2019,9.27181
Burundi,BDI,2015,2.0
Burundi,BDI,2016,2.2
Burundi,BDI,2017,2.66075
Burundi,BDI,2018,4.0
Burundi,BDI,2019,6.1
Cambodia,KHM,2015,6.43319
Cambodia,KHM,2016,32.3985
Cambodia,KHM,2017,32.9003
Cambodia,KHM,2019,52.3059
Cameroon,CMR,2015,18.3
Cameroon,CMR,2016,20.6
Cameroon,CMR,2017,23.203
Cameroon,CMR,2018,29.7
Cameroon,CMR,2019,36.5392
Canada,CAN,2015,90.0
Canada,CAN,2016,91.16
Canada,CAN,2017,92.7014
Canada,CAN,2018,94.64
Canada,CAN,2019,91.9129
Cape Verde,CPV,2015,42.683
Cape Verde,CPV,2016,50.3228
Cape Verde,CPV,2017,57.1621
Cape Verde,CPV,2018,59.5
Cape Verde,CPV,2019,61.9434
Cayman Islands,CYM,2015,77.0
Cayman Islands,CYM,2016,79.0
Cayman Islands,CYM,2017,81.0677
Central African Republic,CAF,2015,2.9
Central African Republic,CAF,2016,3.1
Central African Republic,CAF,2017,4.0
Central African Republic,CAF,2018,5.1
Central African Republic,CAF,2019,7.50916
Chad,TCD,2015,3.5
Chad,TCD,2016,5.8
Chad,TCD,2017,6.4
Chad,TCD,2018,7.0
Chad,TCD,2019,7.6
Chile,CHL,2015,76.6296
Chile,CHL,2016,83.5586
Chile,CHL,2017,82.3275
Chile,CHL,2018,84.9
Chile,CHL,2019,85.0176
China,CHN,2015,50.3
China,CHN,2016,53.2
China,CHN,2017,54.3
China,CHN,2018,59.2
China,CHN,2019,64.0809
Colombia,COL,2015,55.905
Colombia,COL,2016,58.1365
Colombia,COL,2017,62.2599
Colombia,COL,2018,64.1264
Colombia,COL,2019,65.0069
Comoros,COM,2015,7.45916
Comoros,COM,2016,7.93832
Comoros,COM,2017,8.47817
Comoros,COM,2019,16.3838
Congo,COG,2015,7.61597
Congo,COG,2016,8.12195
Congo,COG,2017,8.65
Costa Rica,CRI,2015,59.763
Costa Rica,CRI,2016,65.8804
Costa Rica,CRI,2017,71.5817
Costa Rica,CRI,2018,73.4797
Costa Rica,CRI,2019,81.2026
Cote d'Ivoire,CIV,2015,38.44
Cote d'Ivoire,CIV,2016,41.2078
Cote d'Ivoire,CIV,2017,43.8399
Cote d'Ivoire,CIV,2018,37.5465
Cote d'Ivoire,CIV,2019,36.289
Croatia,HRV,2015,69.845
Croatia,HRV,2016,72.6973
Croatia,HRV,2017,67.0962
Croatia,HRV,2018,75.2946
Croatia,HRV,2019,79.0798
Cuba,CUB,2015,37.3051
Cuba,CUB,2016,42.9787
Cuba,CUB,2017,57.1484
Cuba,CUB,2018,62.6789
Cuba,CUB,2019,67.9708
Curacao,CUW,2016,61.8555
Curacao,CUW,2017,68.1272
Cyprus,CYP,2015,71.7157
Cyprus,CYP,2016,75.9002
Cyprus,CYP,2017,80.7432
Cyprus,CYP,2018,84.4336
Cyprus,CYP,2019,86.0636
Czechia,CZE,2015,75.6688
Czechia,CZE,2016,76.4812
Czechia,CZE,2017,78.7192
Czechia,CZE,2018,80.6882
Czechia,CZE,2019,80.8669
Democratic Republic of Congo,COD,2015,3.8
Democratic Republic of Congo,COD,2016,10.1
Democratic Republic of Congo,COD,2017,8.6199
Democratic Republic of Congo,COD,2018,11.7
Democratic Republic of Congo,COD,2019,16.4812
Denmark,DNK,2015,96.3305
Denmark,DNK,2016,96.9678
Denmark,DNK,2017,97.0994
Denmark,DNK,2018,97.3192
Denmark,DNK,2019,98.0464
Djibouti,DJI,2015,22.9
Djibouti,DJI,2016,30.8
Djibouti,DJI,2017,55.6814
Djibouti,DJI,2018,57.0617
Djibouti,DJI,2019,58.4762
Dominica,DMA,2015,65.0
Dominica,DMA,2016,67.03
Dominica,DMA,2017,69.6197
Dominica,DMA,2019,73.3819
Dominican Republic,DOM,2015,54.2158
Dominican Republic,DOM,2016,63.8709
Dominican Republic,DOM,2017,67.5712
Dominican Republic,DOM,2018,74.822
Dominican Republic,DOM,2019,79.7155
East Asia and Pacific (WB),WB_EAP,2015,48.3
East Asia and Pacific (WB),WB_EAP,2016,53.9
East Asia and Pacific (WB),WB_EAP,2017,57.8
East Asia and Pacific (WB),WB_EAP,2018,62.5
East Asia and Pacific (WB),WB_EAP,2019,67.1
East Timor,TLS,2015,18.6
East Timor,TLS,2016,21.2
East Timor,TLS,2017,24.2
East Timor,TLS,2018,27.6
East Timor,TLS,2019,28.0046
Ecuador,ECU,2015,48.9404
Ecuador,ECU,2016,54.0629
Ecuador,ECU,2017,55.8
Ecuador,ECU,2018,57.5
Ecuador,ECU,2019,59.2
Egypt,EGY,2015,37.8194
Egypt,EGY,2016,41.2481
Egypt,EGY,2017,44.9502
Egypt,EGY,2018,46.9243
Egypt,EGY,2019,57.2829
El Salvador,SLV,2015,26.8026
El Salvador,SLV,2016,28.9971
El Salvador,SLV,2017,33.8207
El Salvador,SLV,2018,43.8
El Salvador,SLV,2019,50.4912
Equatorial Guinea,GNQ,2015,21.32
Equatorial Guinea,GNQ,2016,23.78
Equatorial Guinea,GNQ,2017,26.24
Equatorial Guinea,GNQ,2019,49.1337
Eritrea,ERI,2015,1.08373
Eritrea,ERI,2016,1.17712
Eritrea,ERI,2017,2.5
Eritrea,ERI,2018,5.3
Eritrea,ERI,2019,11.2
Estonia,EST,2015,88.4097
Estonia,EST,2016,87.2402
Estonia,EST,2017,88.1025
Estonia,EST,2018,89.357
Estonia,EST,2019,90.2289
Eswatini,SWZ,2015,25.643
Eswatini,SWZ,2016,28.57
Eswatini,SWZ,2017,35.3
Eswatini,SWZ,2018,39.4
Eswatini,SWZ,2019,43.9
Ethiopia,ETH,2015,13.8552
Ethiopia,ETH,2016,15.3669
Ethiopia,ETH,2017,15.6
Ethiopia,ETH,2018,15.9
Ethiopia,ETH,2019,16.0
Europe and Central Asia (WB),WB_ECA,2015,69.9
Europe and Central Asia (WB),WB_ECA,2016,72.3
Europe and Central Asia (WB),WB_ECA,2017,74.5
Europe and Central Asia (WB),WB_ECA,2018,78.1
Europe and Central Asia (WB),WB_ECA,2019,80.3
Faroe Islands,FRO,2015,94.2
Faroe Islands,FRO,2016,95.1087
Faroe Islands,FRO,2017,97.582
Fiji,FJI,2015,42.5
Fiji,FJI,2016,49.42
Fiji,FJI,2017,53.6474
Fiji,FJI,2018,58.2364
Fiji,FJI,2019,63.2179
Finland,FIN,2015,86.4221
Finland,FIN,2016,87.7036
Finland,FIN,2017,87.4689
Finland,FIN,2018,88.89
Finland,FIN,2019,89.6074
France,FRA,2015,78.006
France,FRA,2016,79.2698
France,FRA,2017,80.5025
France,FRA,2018,82.0432
France,FRA,2019,83.3397
French Polynesia,PYF,2015,64.5602
French Polynesia,PYF,2016,68.4404
French Polynesia,PYF,2017,72.7039
Gabon,GAB,2015,45.7845
Gabon,GAB,2016,48.0523
Gabon,GAB,2017,51.6049
Gabon,GAB,2018,55.4202
Gabon,GAB,2019,59.5176
Gambia,GMB,2015,17.6
Gambia,GMB,2016,19.9
Gambia,GMB,2017,22.5
Gambia,GMB,2018,28.3
Gambia,GMB,2019,31.1183
Georgia,GEO,2015,47.5698
Georgia,GEO,2016,58.4593
Georgia,GEO,2017,59.7055
Georgia,GEO,2018,62.7179
Georgia,GEO,2019,68.8467
Germany,DEU,2015,87.5898
Germany,DEU,2016,84.1652
Germany,DEU,2017,84.3942
Germany,DEU,2018,87.0371
Germany,DEU,2019,88.1345
Ghana,GHA,2015,23.0
Ghana,GHA,2016,28.0
Ghana,GHA,2017,37.8842
Ghana,GHA,2018,43.0
Ghana,GHA,2019,22.0732
Gibraltar,GIB,2016,94.4445
Greece,GRC,2015,66.835
Greece,GRC,2016,69.0879
Greece,GRC,2017,69.893
Greece,GRC,2018,72.2384
Greece,GRC,2019,75.6712
Greenland,GRL,2015,67.6004
Greenland,GRL,2016,68.5009
Greenland,GRL,2017,69.4825
Grenada,GRD,2015,52.5
Grenada,GRD,2016,53.3
Grenada,GRD,2017,54.2
Grenada,GRD,2018,61.4
Grenada,GRD,2019,64.3128
Guam,GUM,2015,73.14
Guam,GUM,2016,77.01
Guam,GUM,2017,80.5055
Guatemala,GTM,2015,28.8059
Guatemala,GTM,2016,34.5093
Guatemala,GTM,2017,37.9
Guatemala,GTM,2018,41.5
Guatemala,GTM,2019,44.401
Guinea,GIN,2015,9.2
Guinea,GIN,2016,13.1
Guinea,GIN,2017,18.7
Guinea,GIN,2018,21.83
Guinea,GIN,2019,22.6255
Guinea-Bissau,GNB,2015,6.1
Guinea-Bissau,GNB,2016,13.8
Guinea-Bissau,GNB,2017,14.8
Guinea-Bissau,GNB,2018,15.7
Guinea-Bissau,GNB,2019,17.9215
Guyana,GUY,2015,34.0
Guyana,GUY,2016,35.66
Guyana,GUY,2017,42.7
Guyana,GUY,2018,48.5989
Guyana,GUY,2019,55.3127
Haiti,HTI,2015,14.2
Haiti,HTI,2016,22.8
Haiti,HTI,2017,27.2
Haiti,HTI,2018,32.4736
Haiti,HTI,2019,39.262
High-income countries,OWID_HIC,2015,78.3
High-income countries,OWID_HIC,2016,82.5
High-income countries,OWID_HIC,2017,84.2
High-income countries,OWID_HIC,2018,86.3
High-income countries,OWID_HIC,2019,87.5
Honduras,HND,2015,27.1395
Honduras,HND,2016,29.5282
Honduras,HND,2017,31.7358
Honduras,HND,2018,36.0401
Honduras,HND,2019,39.3884
Hong Kong,HKG,2015,84.9484
Hong Kong,HKG,2016,87.4794
Hong Kong,HKG,2017,89.4159
Hong Kong,HKG,2018,90.5074
Hong Kong,HKG,2019,91.7434
Hungary,HUN,2015,72.8347
Hungary,HUN,2016,79.2594
Hungary,HUN,2017,76.7505
Hungary,HUN,2018,76.0744
Hungary,HUN,2019,80.3717
Iceland,ISL,2015,98.2
Iceland,ISL,2016,98.24
Iceland,ISL,2017,98.2552
Iceland,ISL,2018,99.011
Iceland,ISL,2019,99.5049
India,IND,2015,14.9
India,IND,2016,16.5
India,IND,2017,18.2
India,IND,2018,20.0813
India,IND,2019,29.5235
Indonesia,IDN,2015,22.0627
Indonesia,IDN,2016,25.4474
Indonesia,IDN,2017,32.3358
Indonesia,IDN,2018,39.9046
Indonesia,IDN,2019,47.6906
Iran,IRN,2015,45.335
Iran,IRN,2016,53.2268
Iran,IRN,2017,64.044
Iran,IRN,2018,70.2006
Iran,IRN,2019,72.4509
Iraq,IRQ,2015,15.2
Iraq,IRQ,2016,19.9
Iraq,IRQ,2017,49.36
Iraq,IRQ,2018,33.9
Iraq,IRQ,2019,44.3263
Ireland,IRL,2015,83.4948
Ireland,IRL,2016,83.5
Ireland,IRL,2017,84.114
Ireland,IRL,2018,87.0001
Ireland,IRL,2019,87.0001
Israel,ISR,2015,77.3521
Israel,ISR,2016,79.6531
Israel,ISR,2017,81.5812
Israel,ISR,2018,83.7332
Israel,ISR,2019,86.7879
Italy,ITA,2015,58.1417
Italy,ITA,2016,61.3243
Italy,ITA,2017,63.0773
Italy,ITA,2018,74.3872
Italy,ITA,2019,67.8507
Jamaica,JAM,2015,42.2212
Jamaica,JAM,2016,44.3669
Jamaica,JAM,2017,55.0721
Jamaica,JAM,2018,68.2145
Jamaica,JAM,2019,70.841
Japan,JPN,2015,91.058
Japan,JPN,2016,93.1827
Japan,JPN,2017,91.7265
Japan,JPN,2018,88.7464
Japan,JPN,2019,92.7304
Jordan,JOR,2015,54.22
Jordan,JOR,2016,56.15
Jordan,JOR,2017,64.5
Jordan,JOR,2018,65.2
Jordan,JOR,2019,70.0847
Kazakhstan,KAZ,2015,70.8299
Kazakhstan,KAZ,2016,74.5877
Kazakhstan,KAZ,2017,76.4267
Kazakhstan,KAZ,2018,78.9039
Kazakhstan,KAZ,2019,81.8776
Kenya,KEN,2015,16.5879
Kenya,KEN,2016,16.6
Kenya,KEN,2017,17.8271
Kenya,KEN,2018,19.5
Kenya,KEN,2019,22.6688
Kiribati,KIR,2015,14.9
Kiribati,KIR,2016,19.4194
Kiribati,KIR,2017,25.3096
Kiribati,KIR,2018,32.9864
Kiribati,KIR,2019,39.5737
Kosovo,OWID_KOS,2017,83.8936
Kosovo,OWID_KOS,2018,89.443
Kuwait,KWT,2015,82.0
Kuwait,KWT,2016,85.6
Kuwait,KWT,2017,98.0
Kuwait,KWT,2018,99.5988
Kuwait,KWT,2019,99.5427
Kyrgyzstan,KGZ,2015,30.247
Kyrgyzstan,KGZ,2016,40.5
Kyrgyzstan,KGZ,2017,50.8
Kyrgyzstan,KGZ,2018,62.8
Kyrgyzstan,KGZ,2019,64.1
Laos,LAO,2015,18.2
Laos,LAO,2016,21.87
Laos,LAO,2017,25.5104
Laos,LAO,2018,36.3
Laos,LAO,2019,47.0323
Latin America and Caribbean (WB),WB_LAC,2015,54.4
Latin America and Caribbean (WB),WB_LAC,2016,57.5
Latin America and Caribbean (WB),WB_LAC,2017,60.2
Latin America and Caribbean (WB),WB_LAC,2018,63.5
Latin America and Caribbean (WB),WB_LAC,2019,67.8
Latvia,LVA,2015,79.2006
Latvia,LVA,2016,79.8421
Latvia,LVA,2017,80.1141
Latvia,LVA,2018,83.5772
Latvia,LVA,2019,86.1355
Lebanon,LBN,2015,74.0
Lebanon,LBN,2016,76.11
Lebanon,LBN,2017,78.1808
Lebanon,LBN,2018,80.9
Lebanon,LBN,2019,81.4812
Lesotho,LSO,2015,25.0
Lesotho,LSO,2016,32.4539
Lesotho,LSO,2017,39.0
Lesotho,LSO,2018,40.8
Lesotho,LSO,2019,42.3017
Liberia,LBR,2015,10.0
Liberia,LBR,2016,15.7
Liberia,LBR,2017,16.3
Liberia,LBR,2018,17.2777
Liberia,LBR,2019,18.3141
Liechtenstein,LIE,2015,96.6412
Liechtenstein,LIE,2016,98.0939
Liechtenstein,LIE,2017,99.5466
Liechtenstein,LIE,2019,93.1461
Lithuania,LTU,2015,71.3781
Lithuania,LTU,2016,74.3766
Lithuania,LTU,2017,77.6153
Lithuania,LTU,2018,79.7226
Lithuania,LTU,2019,81.5819
Low-income countries,OWID_LIC,2015,7.9
Low-income countries,OWID_LIC,2016,10.0
Low-income countries,OWID_LIC,2017,11.4
Low-income countries,OWID_LIC,2018,13.8
Low-income countries,OWID_LIC,2019,16.4
Lower-middle-income countries,OWID_LMC,2015,19.5
Lower-middle-income countries,OWID_LMC,2016,21.9
Lower-middle-income countries,OWID_LMC,2017,24.4
Lower-middle-income countries,OWID_LMC,2018,27.2
Lower-middle-income countries,OWID_LMC,2019,33.4
Luxembourg,LUX,2015,96.3767
Luxembourg,LUX,2016,98.1367
Luxembourg,LUX,2017,97.363
Luxembourg,LUX,2018,97.0613
Luxembourg,LUX,2019,97.1206
Macao,MAC,2015,77.6001
Macao,MAC,2016,81.643
Macao,MAC,2017,83.1741
Macao,MAC,2018,83.7941
Macao,MAC,2019,86.4679
Madagascar,MDG,2015,4.17397
Madagascar,MDG,2016,4.71366
Madagascar,MDG,2017,6.4
Madagascar,MDG,2018,7.7478
Madagascar,MDG,2019,9.37944
Malawi,MWI,2015,6.0
Malawi,MWI,2016,6.3
Malawi,MWI,2017,7.0
Malawi,MWI,2018,8.79829
Malawi,MWI,2019,11.0586
Malaysia,MYS,2015,71.0641
Malaysia,MYS,2016,78.7883
Malaysia,MYS,2017,80.1405
Malaysia,MYS,2018,81.201
Malaysia,MYS,2019,84.1871
Maldives,MDV,2015,54.462
Maldives,MDV,2016,59.5
Maldives,MDV,2017,65.0
Maldives,MDV,2018,70.9
Maldives,MDV,2019,77.4697
Mali,MLI,2015,10.33
Mali,MLI,2016,14.0
Mali,MLI,2017,18.9
Mali,MLI,2018,21.4
Mali,MLI,2019,24.9603
Malta,MLT,2015,75.96
Malta,MLT,2016,78.0751
Malta,MLT,2017,81.0119
Malta,MLT,2018,81.658
Malta,MLT,2019,85.7786
Marshall Islands,MHL,2015,19.2824
Marshall Islands,MHL,2016,29.7878
Marshall Islands,MHL,2017,38.7012
Marshall Islands,MHL,2018,43.8825
Marshall Islands,MHL,2019,49.7575
Mauritania,MRT,2015,17.6
Mauritania,MRT,2016,19.2328
Mauritania,MRT,2017,21.0172
Mauritania,MRT,2018,22.967
Mauritania,MRT,2019,25.0978
Mauritius,MUS,2015,50.1393
Mauritius,MUS,2016,52.1913
Mauritius,MUS,2017,55.4032
Mauritius,MUS,2018,58.5962
Mauritius,MUS,2019,61.73
Mexico,MEX,2015,57.431
Mexico,MEX,2016,59.5404
Mexico,MEX,2017,53.0318
Mexico,MEX,2018,56.6596
Mexico,MEX,2019,69.6321
Micronesia (country),FSM,2015,31.5011
Micronesia (country),FSM,2016,33.3522
Micronesia (country),FSM,2017,35.3041
Micronesia (country),FSM,2018,36.6
Micronesia (country),FSM,2019,38.0
"Middle East, North Africa, Afghanistan and Pakistan (WB)",WB_MENAP,2015,31.8
"Middle East, North Africa, Afghanistan and Pakistan (WB)",WB_MENAP,2016,35.0
"Middle East, North Africa, Afghanistan and Pakistan (WB)",WB_MENAP,2017,39.7
"Middle East, North Africa, Afghanistan and Pakistan (WB)",WB_MENAP,2018,42.3
"Middle East, North Africa, Afghanistan and Pakistan (WB)",WB_MENAP,2019,46.0
Moldova,MDA,2015,69.0
Moldova,MDA,2016,71.0
Moldova,MDA,2017,49.9
Moldova,MDA,2018,50.3
Moldova,MDA,2019,57.7605
Monaco,MCO,2015,93.3633
Monaco,MCO,2016,95.2082
Monaco,MCO,2017,97.053
Monaco,MCO,2019,83.3397
Mongolia,MNG,2015,22.5
Mongolia,MNG,2016,22.2658
Mongolia,MNG,2017,23.7143
Mongolia,MNG,2018,47.13
Mongolia,MNG,2019,51.08
Montenegro,MNE,2015,68.1198
Montenegro,MNE,2016,69.8816
Montenegro,MNE,2017,71.2723
Montenegro,MNE,2018,71.5171
Montenegro,MNE,2019,73.4767
Morocco,MAR,2015,57.08
Morocco,MAR,2016,58.2712
Morocco,MAR,2017,61.7622
Morocco,MAR,2018,64.8039
Morocco,MAR,2019,84.1204
Mozambique,MOZ,2015,6.5
Mozambique,MOZ,2016,7.0
Mozambique,MOZ,2017,7.79633
Mozambique,MOZ,2018,10.9
Mozambique,MOZ,2019,12.4793
Myanmar,MMR,2015,10.9
Myanmar,MMR,2016,16.0
Myanmar,MMR,2017,23.6211
Myanmar,MMR,2018,29.379
Myanmar,MMR,2019,36.5405
Namibia,NAM,2015,25.6879
Namibia,NAM,2016,31.0333
Namibia,NAM,2017,36.8374
Namibia,NAM,2018,42.8
Namibia,NAM,2019,49.8
Nauru,NRU,2017,62.3851
Nauru,NRU,2019,74.7379
Nepal,NPL,2015,17.5816
Nepal,NPL,2016,20.7
Nepal,NPL,2017,24.3
Nepal,NPL,2018,28.6
Nepal,NPL,2019,33.3366
Netherlands,NLD,2015,91.7241
Netherlands,NLD,2016,90.411
Netherlands,NLD,2017,93.1973
Netherlands,NLD,2018,91.8919
Netherlands,NLD,2019,93.2886
New Caledonia,NCL,2015,74.0018
New Caledonia,NCL,2017,82.0058
New Zealand,NZL,2015,85.2
New Zealand,NZL,2016,86.5
New Zealand,NZL,2017,87.7
New Zealand,NZL,2018,89.0
New Zealand,NZL,2019,89.8637
Nicaragua,NIC,2015,19.7043
Nicaragua,NIC,2016,24.5718
Nicaragua,NIC,2017,30.4
Nicaragua,NIC,2018,33.913
Nicaragua,NIC,2019,37.8319
Niger,NER,2015,2.47622
Niger,NER,2016,4.32276
Niger,NER,2017,10.2243
Niger,NER,2019,16.6119
Nigeria,NGA,2015,22.5
Nigeria,NGA,2016,24.1
Nigeria,NGA,2017,25.9
Nigeria,NGA,2018,27.7
Nigeria,NGA,2019,29.7
North America (WB),WB_NA,2015,76.1
North America (WB),WB_NA,2016,86.1
North America (WB),WB_NA,2017,87.8
North America (WB),WB_NA,2018,89.1
North America (WB),WB_NA,2019,89.7
North Macedonia,MKD,2015,70.3802
North Macedonia,MKD,2016,72.1568
North Macedonia,MKD,2017,74.5168
North Macedonia,MKD,2018,79.1678
North Macedonia,MKD,2019,81.4129
Norway,NOR,2015,96.8103
Norway,NOR,2016,97.2982
Norway,NOR,2017,96.3576
Norway,NOR,2018,96.4917
Norway,NOR,2019,98.0
Oman,OMN,2015,73.53
Oman,OMN,2016,76.8454
Oman,OMN,2017,80.1856
Oman,OMN,2018,85.5
Oman,OMN,2019,90.2594
Pakistan,PAK,2015,11.0
Pakistan,PAK,2016,12.3854
Pakistan,PAK,2017,13.78
Pakistan,PAK,2018,15.34
Pakistan,PAK,2019,17.0709
Palestine,PSE,2015,56.7
Palestine,PSE,2016,59.9
Palestine,PSE,2017,63.3
Palestine,PSE,2018,64.4
Palestine,PSE,2019,70.6226
Panama,PAN,2015,51.2054
Panama,PAN,2016,54.0
Panama,PAN,2017,59.9506
Panama,PAN,2018,61.8055
Panama,PAN,2019,63.6284
Papua New Guinea,PNG,2015,7.9
Papua New Guinea,PNG,2016,9.60154
Papua New Guinea,PNG,2017,11.2092
Papua New Guinea,PNG,2019,19.9783
Paraguay,PRY,2015,49.7163
Paraguay,PRY,2016,53.4041
Paraguay,PRY,2017,61.0758
Paraguay,PRY,2018,64.9935
Paraguay,PRY,2019,68.5176
Peru,PER,2015,40.8526
Peru,PER,2016,45.4617
Peru,PER,2017,50.4504
Peru,PER,2018,55.0543
Peru,PER,2019,59.9505
Philippines,PHL,2015,36.9
Philippines,PHL,2016,39.2
Philippines,PHL,2017,41.6
Philippines,PHL,2018,44.1
Philippines,PHL,2019,43.0266
Poland,POL,2015,67.997
Poland,POL,2016,73.3007
Poland,POL,2017,75.9854
Poland,POL,2018,77.5417
Poland,POL,2019,80.4359
Portugal,PRT,2015,68.6329
Portugal,PRT,2016,70.4236
Portugal,PRT,2017,73.7912
Portugal,PRT,2018,74.661
Portugal,PRT,2019,75.3464
Puerto Rico,PRI,2015,63.4663
Puerto Rico,PRI,2016,68.6438
Puerto Rico,PRI,2017,68.7408
Puerto Rico,PRI,2018,70.8564
Puerto Rico,PRI,2019,77.7364
Qatar,QAT,2015,92.8848
Qatar,QAT,2016,95.1247
Qatar,QAT,2017,97.3888
Qatar,QAT,2018,99.6528
Qatar,QAT,2019,99.6528
Romania,ROU,2015,55.7632
Romania,ROU,2016,59.504
Romania,ROU,2017,63.7473
Romania,ROU,2018,70.6813
Romania,ROU,2019,73.6575
Russia,RUS,2015,70.0992
Russia,RUS,2016,73.0914
Russia,RUS,2017,76.0081
Russia,RUS,2018,80.8647
Russia,RUS,2019,82.6422
Rwanda,RWA,2015,12.5
Rwanda,RWA,2016,14.6
Rwanda,RWA,2017,17.2
Rwanda,RWA,2018,19.2
Rwanda,RWA,2019,21.358
Saint Kitts and Nevis,KNA,2015,66.2
Saint Kitts and Nevis,KNA,2016,67.0
Saint Kitts and Nevis,KNA,2017,67.8
Saint Kitts and Nevis,KNA,2018,68.6
Saint Kitts and Nevis,KNA,2019,69.4
Saint Lucia,LCA,2015,57.3
Saint Lucia,LCA,2016,58.2226
Saint Lucia,LCA,2017,59.1601
Saint Lucia,LCA,2018,60.1126
Saint Lucia,LCA,2019,61.0805
Saint Vincent and the Grenadines,VCT,2015,49.4
Saint Vincent and the Grenadines,VCT,2016,51.5
Saint Vincent and the Grenadines,VCT,2017,53.7
Saint Vincent and the Grenadines,VCT,2018,56.0
Saint Vincent and the Grenadines,VCT,2019,59.5763
Samoa,WSM,2015,25.407
Samoa,WSM,2016,31.7
Samoa,WSM,2017,39.4
Samoa,WSM,2018,43.1336
Samoa,WSM,2019,47.2211
San Marino,SMR,2017,60.1823
San Marino,SMR,2019,67.8507
Sao Tome and Principe,STP,2015,25.82
Sao Tome and Principe,STP,2016,28.0
Sao Tome and Principe,STP,2017,32.6
Sao Tome and Principe,STP,2018,38.0
Sao Tome and Principe,STP,2019,44.3
Saudi Arabia,SAU,2015,69.6162
Saudi Arabia,SAU,2016,74.8793
Saudi Arabia,SAU,2017,94.1756
Saudi Arabia,SAU,2018,93.31
Saudi Arabia,SAU,2019,95.7247
Senegal,SEN,2015,21.7
Senegal,SEN,2016,25.6648
Senegal,SEN,2017,29.6431
Senegal,SEN,2018,35.3
Senegal,SEN,2019,43.4
Serbia,SRB,2015,65.317
Serbia,SRB,2016,67.0568
Serbia,SRB,2017,70.3308
Serbia,SRB,2018,73.3607
Serbia,SRB,2019,77.4168
Seychelles,SYC,2015,54.2596
Seychelles,SYC,2016,56.5147
Seychelles,SYC,2017,62.6
Seychelles,SYC,2018,69.2
Seychelles,SYC,2019,76.6
Sierra Leone,SLE,2015,6.34442
Sierra Leone,SLE,2016,11.7732
Sierra Leone,SLE,2017,13.2369
Sierra Leone,SLE,2018,14.4223
Sierra Leone,SLE,2019,15.7137
Singapore,SGP,2015,79.013
Singapore,SGP,2016,84.4523
Singapore,SGP,2017,84.4523
Singapore,SGP,2018,88.1656
Singapore,SGP,2019,88.9493
Slovakia,SVK,2015,77.6347
Slovakia,SVK,2016,80.4759
Slovakia,SVK,2017,81.6257
Slovakia,SVK,2018,80.4489
Slovakia,SVK,2019,82.8537
Slovenia,SVN,2015,73.0987
Slovenia,SVN,2016,75.4985
Slovenia,SVN,2017,78.8854
Slovenia,SVN,2018,79.75
Slovenia,SVN,2019,83.1084
Solomon Islands,SLB,2015,10.0005
Solomon Islands,SLB,2016,11.0009
Solomon Islands,SLB,2017,15.1
Solomon Islands,SLB,2018,20.9
Solomon Islands,SLB,2019,26.3406
Somalia,SOM,2015,1.76
Somalia,SOM,2016,1.88
Somalia,SOM,2017,2.00405
South Africa,ZAF,2015,51.9191
South Africa,ZAF,2016,54.0
South Africa,ZAF,2017,56.1674
South Africa,ZAF,2018,62.4
South Africa,ZAF,2019,69.6969
South Asia (WB),WB_SA,2015,14.7
South Asia (WB),WB_SA,2016,16.7
South Asia (WB),WB_SA,2017,18.8
South Asia (WB),WB_SA,2018,20.9
South Asia (WB),WB_SA,2019,29.7
South Korea,KOR,2015,89.8963
South Korea,KOR,2016,92.843
South Korea,KOR,2017,95.0694
South Korea,KOR,2018,96.0229
South Korea,KOR,2019,96.1576
South Sudan,SSD,2015,3.0
South Sudan,SSD,2016,3.5
South Sudan,SSD,2017,4.1
South Sudan,SSD,2018,4.8
South Sudan,SSD,2019,6.7
Spain,ESP,2015,78.6896
Spain,ESP,2016,80.5613
Spain,ESP,2017,84.6022
Spain,ESP,2018,86.1072
Spain,ESP,2019,90.7187
Sri Lanka,LKA,2015,15.26
Sri Lanka,LKA,2016,22.19
Sri Lanka,LKA,2017,25.1
Sri Lanka,LKA,2018,28.3
Sri Lanka,LKA,2019,32.0
Sub-Saharan Africa (WB),WB_SSA,2015,16.2
Sub-Saharan Africa (WB),WB_SSA,2016,18.3
Sub-Saharan Africa (WB),WB_SSA,2017,20.0
Sub-Saharan Africa (WB),WB_SSA,2018,22.0
Sub-Saharan Africa (WB),WB_SSA,2019,24.4
Sudan,SDN,2016,14.1
Sudan,SDN,2017,18.6
Sudan,SDN,2018,24.6
Sudan,SDN,2019,25.9
Suriname,SUR,2015,42.7638
Suriname,SUR,2016,45.4
Suriname,SUR,2017,48.9452
Suriname,SUR,2018,55.1
Suriname,SUR,2019,62.0
Sweden,SWE,2015,90.6102
Sweden,SWE,2016,89.6509
Sweden,SWE,2017,93.0063
Sweden,SWE,2018,89.247
Sweden,SWE,2019,94.4934
Switzerland,CHE,2015,87.4791
Switzerland,CHE,2016,89.1347
Switzerland,CHE,2017,89.6861
Switzerland,CHE,2018,91.8
Switzerland,CHE,2019,93.1461
Syria,SYR,2015,29.9798
Syria,SYR,2016,31.8696
Syria,SYR,2017,32.7
Syria,SYR,2018,33.77
Syria,SYR,2019,34.65
Tajikistan,TJK,2015,18.98
Tajikistan,TJK,2016,20.47
Tajikistan,TJK,2017,21.96
Tanzania,TZA,2015,10.0
Tanzania,TZA,2016,13.5042
Tanzania,TZA,2017,14.4634
Tanzania,TZA,2018,15.4907
Tanzania,TZA,2019,16.5909
Thailand,THA,2015,39.3161
Thailand,THA,2016,47.505
Thailand,THA,2017,52.8919
Thailand,THA,2018,56.8175
Thailand,THA,2019,66.6524
Togo,TGO,2015,7.12
Togo,TGO,2016,11.31
Togo,TGO,2017,12.3602
Togo,TGO,2018,15.5
Togo,TGO,2019,20.7273
Tonga,TON,2015,38.6513
Tonga,TON,2016,39.95
Tonga,TON,2017,46.2
Trinidad and Tobago,TTO,2015,65.1
Trinidad and Tobago,TTO,2016,67.8
Trinidad and Tobago,TTO,2017,70.6
Trinidad and Tobago,TTO,2018,72.8
Trinidad and Tobago,TTO,2019,75.0
Tunisia,TUN,2015,46.5
Tunisia,TUN,2016,49.6
Tunisia,TUN,2017,55.5002
Tunisia,TUN,2018,64.1908
Tunisia,TUN,2019,66.7
Turkey,TUR,2015,53.745
Turkey,TUR,2016,58.3477
Turkey,TUR,2017,64.6846
Turkey,TUR,2018,71.0428
Turkey,TUR,2019,73.9767
Turkmenistan,TKM,2015,14.9968
Turkmenistan,TKM,2016,17.9903
Turkmenistan,TKM,2017,21.251
Tuvalu,TUV,2015,27.3
Tuvalu,TUV,2016,31.0
Tuvalu,TUV,2017,35.2
Tuvalu,TUV,2018,42.2865
Tuvalu,TUV,2019,50.7996
Uganda,UGA,2015,5.8
Uganda,UGA,2016,5.9
Ukraine,UKR,2015,48.8846
Ukraine,UKR,2016,53.001
Ukraine,UKR,2017,58.8895
Ukraine,UKR,2018,62.5532
Ukraine,UKR,2019,70.1248
United Arab Emirates,ARE,2015,90.5
United Arab Emirates,ARE,2016,90.6
United Arab Emirates,ARE,2017,94.8199
United Arab Emirates,ARE,2018,98.45
United Arab Emirates,ARE,2019,99.15
United Kingdom,GBR,2015,92.0003
United Kingdom,GBR,2016,94.7758
United Kingdom,GBR,2017,90.4246
United Kingdom,GBR,2018,90.692
United Kingdom,GBR,2019,92.5166
United States,USA,2015,74.5542
United States,USA,2016,85.5444
United States,USA,2017,87.2749
United States,USA,2018,88.4989
United States,USA,2019,89.4303
United States Virgin Islands,VIR,2015,54.8391
United States Virgin Islands,VIR,2016,59.6083
United States Virgin Islands,VIR,2017,64.3775
Upper-middle-income countries,OWID_UMC,2015,47.9
Upper-middle-income countries,OWID_UMC,2016,53.3
Upper-middle-income countries,OWID_UMC,2017,57.7
Upper-middle-income countries,OWID_UMC,2018,62.2
Upper-middle-income countries,OWID_UMC,2019,67.5
Uruguay,URY,2015,64.5708
Uruguay,URY,2016,66.4
Uruguay,URY,2017,70.3224
Uruguay,URY,2018,80.7268
Uruguay,URY,2019,83.3515
Uzbekistan,UZB,2015,42.8
Uzbekistan,UZB,2016,46.7913
Uzbekistan,UZB,2017,48.7
Uzbekistan,UZB,2018,55.2
Uzbekistan,UZB,2019,70.4
Vanuatu,VUT,2015,22.3514
Vanuatu,VUT,2016,24.0
Vanuatu,VUT,2017,30.8
Vanuatu,VUT,2018,33.989
Vanuatu,VUT,2019,37.5081
Venezuela,VEN,2015,58.0
Venezuela,VEN,2016,60.0
Venezuela,VEN,2017,61.6
Vietnam,VNM,2015,45.0
Vietnam,VNM,2016,53.0
Vietnam,VNM,2017,58.14
Vietnam,VNM,2018,69.8479
Vietnam,VNM,2019,68.6616
World,OWID_WRL,2015,39.9
World,OWID_WRL,2016,43.6
World,OWID_WRL,2017,46.3
World,OWID_WRL,2018,49.4
World,OWID_WRL,2019,53.9
Yemen,YEM,2015,24.0854
Yemen,YEM,2016,24.5792
Yemen,YEM,2017,26.7184
Zambia,ZMB,2015,8.8
Zambia,ZMB,2016,10.3
Zambia,ZMB,2017,12.2
Zambia,ZMB,2018,14.3
Zambia,ZMB,2019,18.7
Zimbabwe,ZWE,2015,22.7428
Zimbabwe,ZWE,2016,23.12
Zimbabwe,ZWE,2017,24.4
Zimbabwe,ZWE,2018,25.0
Zimbabwe,ZWE,2019,26.5883
